answer,problem_en,problem_hi,problem_id,review_status,reviewer_notes
21,A stationery shop sells pens for $2 each and notebooks for $5 each. Priya bought 4 pens and 3 notebooks and used a $2 coupon on the whole purchase. How many dollars did she pay in total?,एक स्टेशनरी की दुकान में पेन की कीमत $2 प्रत्येक और नोटबुक की कीमत $5 प्रत्येक है। प्रिया ने 4 पेन और 3 नोटबुक खरीदीं और पूरी खरीदारी पर $2 का कूपन इस्तेमाल किया। उसने कुल मिलाकर कितने डॉलर चुकाए?,hard-001,approved,"auto-approved: answers verified, EN/HI numeric fidelity checked"
70,"A train traveled 60 miles per hour for 2 hours, then 90 miles per hour for the next hour. What was its average speed in miles per hour over the whole trip?","एक ट्रेन 2 घंटे तक 60 मील प्रति घंटे की रफ्तार से चली, फिर अगले 1 घंटे तक 90 मील प्रति घंटे की रफ्तार से चली। पूरी यात्रा में उसकी औसत गति मील प्रति घंटे में क्या थी?",hard-002,approved,"auto-approved: answers verified, EN/HI numeric fidelity checked"
34,A fruit vendor bought 2 kilograms of apples at $4 per kilogram and 3 kilograms of oranges at $3 per kilogram. He sold all of it for 200% of what he paid. How many dollars did he receive?,एक फल विक्रेता ने $4 प्रति किलोग्राम पर 2 किलोग्राम सेब और $3 प्रति किलोग्राम पर 3 किलोग्राम संतरे खरीदे। उसने सब कुछ अपनी खरीद की कीमत के 200% पर बेच दिया। उसे कितने डॉलर मिले?,hard-003,approved,"auto-approved: answers verified, EN/HI numeric fidelity checked"
2,"Hose A fills a tank in 6 hours and Hose B fills the same tank in 3 hours. If both hoses are opened together, how many hours will it take to fill the tank?","नली A एक टैंक को 6 घंटे में भरती है और नली B उसी टैंक को 3 घंटे में भरती है। यदि दोनों नलियाँ एक साथ खोल दी जाएँ, तो टैंक को भरने में कितने घंटे लगेंगे?",hard-004,approved,"auto-approved: answers verified, EN/HI numeric fidelity checked"
32,"Sara is twice as old as Ravi. In six years, the sum of their ages will be 60. How old is Sara now?","सारा रवि से दोगुनी उम्र की है। छह साल बाद, उनकी उम्रों का योग 60 होगा। अभी सारा की उम्र कितनी है?",hard-005,approved,"auto-approved: answers verified, EN/HI numeric fidelity checked"
300,Neha read 20 pages on the first day and doubled the number of pages she read each following day for the next three days. How many pages did she read in total over the four days?,नेहा ने पहले दिन 20 पृष्ठ पढ़े और अगले तीन दिनों में हर अगले दिन पढ़े गए पृष्ठों की संख्या को दोगुना करती गई। चार दिनों में उसने कुल मिलाकर कितने पृष्ठ पढ़े?,hard-006,approved,"auto-approved: answers verified, EN/HI numeric fidelity checked"
10,"A rectangle's length is 8 centimeters more than its width, and its perimeter is 56 centimeters. How many centimeters wide is the rectangle?","एक आयत की लंबाई उसकी चौड़ाई से 8 सेंटीमीटर अधिक है, और उसका परिमाप 56 सेंटीमीटर है। आयत की चौड़ाई कितने सेंटीमीटर है?",hard-007,approved,"auto-approved: answers verified, EN/HI numeric fidelity checked"
240,"Three friends bought a gift. Pooja paid one-half of the cost, Anjali paid one-third, and Reena paid the remaining $40. How many dollars did the gift cost?","तीन दोस्तों ने मिलकर एक उपहार खरीदा। पूजा ने कीमत का आधा हिस्सा, अंजलि ने एक-तिहाई हिस्सा, और रीना ने बचे हुए $40 का भुगतान किया। उपहार की कीमत कितने डॉलर थी?",hard-008,approved,"auto-approved: answers verified, EN/HI numeric fidelity checked"
38,The sum of three consecutive even numbers is 108. What is the largest of the three numbers?,तीन क्रमागत सम संख्याओं का योग 108 है। तीनों में से सबसे बड़ी संख्या कौन सी है?,hard-009,approved,"auto-approved: answers verified, EN/HI numeric fidelity checked"
48,"A jacket costs $80. The shop first discounts it by 25%, then takes an additional 20% off the already reduced price. How many dollars is the final price?","एक जैकेट की कीमत $80 है। दुकान उस पर पहले 25% की छूट देती है, फिर घटाई गई कीमत पर अतिरिक्त 20% की छूट देती है। अंतिम कीमत कितने डॉलर है?",hard-010,approved,"auto-approved: answers verified, EN/HI numeric fidelity checked"
60,"Amit and Ben start 100 miles apart and walk toward each other, Amit at 20 miles per hour and Ben at 30 miles per hour. How many miles will Ben have walked when they meet?","अमित और बेन 100 मील दूर से शुरू करके एक-दूसरे की ओर चलते हैं, अमित 20 मील प्रति घंटे और बेन 30 मील प्रति घंटे की रफ्तार से। जब वे मिलेंगे तब बेन कितने मील चल चुका होगा?",hard-011,approved,"auto-approved: answers verified, EN/HI numeric fidelity checked"
40,"A fruit seller started with 120 apples. He sold one-third of them in the morning, then sold half of the remaining apples in the afternoon. How many apples were left at the end?","एक फल विक्रेता के पास शुरू में 120 सेब थे। उसने सुबह उनका एक-तिहाई बेच दिया, फिर बचे हुए सेबों का आधा दोपहर में बेच दिया। अंत में कितने सेब बचे?",hard-012,approved,"auto-approved: answers verified, EN/HI numeric fidelity checked"
5,Riya bought 5 adult tickets at $12 each for a show and also bought some child tickets at $8 each. She paid $100 in total. How many child tickets did she buy?,रिया ने एक शो के लिए $12 प्रत्येक के हिसाब से 5 वयस्क टिकट खरीदे और कुछ बच्चों के टिकट $8 प्रत्येक पर खरीदे। उसने कुल $100 का भुगतान किया। उसने कितने बच्चों के टिकट खरीदे?,hard-013,approved,"auto-approved: answers verified, EN/HI numeric fidelity checked"
35,"The average of four numbers is 25. Three of the numbers are 20, 30, and 15. What is the fourth number?","चार संख्याओं का औसत 25 है। तीन संख्याएँ 20, 30 और 15 हैं। चौथी संख्या क्या है?",hard-014,approved,"auto-approved: answers verified, EN/HI numeric fidelity checked"
5,"Machine A produces 12 toys per hour and Machine B produces 8 toys per hour. Working together, how many hours will they need to produce 100 toys?",मशीन A प्रति घंटे 12 खिलौने बनाती है और मशीन B प्रति घंटे 8 खिलौने बनाती है। साथ काम करते हुए उन्हें 100 खिलौने बनाने में कितने घंटे लगेंगे?,hard-015,approved,"auto-approved: answers verified, EN/HI numeric fidelity checked"
75,Karan bought a bag for $60 and sold it for a 25% profit. How many dollars did he sell it for?,करण ने एक बैग $60 में खरीदा और उसे 25% लाभ पर बेच दिया। उसने बैग कितने डॉलर में बेचा?,hard-016,approved,"auto-approved: answers verified, EN/HI numeric fidelity checked"
10,A 5-meter rope was cut into 4 equal pieces per meter. Half of all the pieces were later discarded. How many pieces were kept?,एक 5-मीटर लंबी रस्सी को प्रति मीटर 4 बराबर टुकड़ों में काटा गया। बाद में सभी टुकड़ों में से आधे टुकड़े फेंक दिए गए। कितने टुकड़े रखे गए?,hard-017,approved,"auto-approved: answers verified, EN/HI numeric fidelity checked"
130,A shop had 200 notebooks. It sold three-fifths of them and then received a delivery of 50 more notebooks. How many notebooks does the shop have now?,एक दुकान में 200 नोटबुक थीं। उसने उनमें से तीन-पाँचवाँ हिस्सा बेच दिया और फिर 50 और नोटबुकों की आपूर्ति मिली। अब दुकान में कितनी नोटबुक हैं?,hard-018,approved,"auto-approved: answers verified, EN/HI numeric fidelity checked"
6,"Maya drove 150 miles at 50 miles per hour, took a 1-hour rest break, then drove 60 miles at 30 miles per hour. How many hours did the whole journey take?","माया ने 50 मील प्रति घंटे की रफ्तार से 150 मील की दूरी तय की, 1 घंटे का ब्रेक लिया, फिर 30 मील प्रति घंटे की रफ्तार से 60 मील की दूरी तय की। पूरी यात्रा में कुल कितने घंटे लगे?",hard-019,approved,"auto-approved: answers verified, EN/HI numeric fidelity checked"
10,Rohan has dimes and quarters worth $4.50 in total. He has 20 dimes. How many quarters does he have?,रोहन के पास कुल $4.50 मूल्य के सिक्के हैं जिनमें डाइम और क्वार्टर शामिल हैं। उसके पास 20 डाइम हैं। उसके पास कितने क्वार्टर हैं?,hard-020,approved,"auto-approved: answers verified, EN/HI numeric fidelity checked"
44,A rectangular garden is 14 meters long and 6 meters wide. A 1-meter-wide path surrounds the garden on all sides. What is the area of the path in square meters?,एक आयताकार बगीचा 14 मीटर लंबा और 6 मीटर चौड़ा है। बगीचे के चारों ओर 1-मीटर चौड़ा रास्ता बना है। रास्ते का क्षेत्रफल वर्ग मीटर में कितना है?,hard-021,approved,"auto-approved: answers verified, EN/HI numeric fidelity checked"
60,"Box A contains 15 pens and Box B contains three times as many pens as Box A. When the two boxes are combined, how many pens are there in total?",डिब्बे A में 15 पेन हैं और डिब्बे B में डिब्बे A से तीन गुने पेन हैं। दोनों डिब्बों को मिला देने पर कुल कितने पेन होंगे?,hard-022,approved,"auto-approved: answers verified, EN/HI numeric fidelity checked"
5,Renting one video costs $12 and each additional video costs $4. Kavita paid $32 in total. How many additional videos did she rent?,एक वीडियो किराए पर लेने की कीमत $12 है और हर अतिरिक्त वीडियो की कीमत $4 है। कविता ने कुल $32 का भुगतान किया। उसने कितने अतिरिक्त वीडियो किराए पर लिए?,hard-023,approved,"auto-approved: answers verified, EN/HI numeric fidelity checked"
12,"A tank holds 480 liters of water. A pipe fills it at 60 liters per hour while a leak drains 20 liters per hour. If the tank starts empty, how many hours will it take to fill?","एक टैंक में 480 लीटर पानी आ सकता है। एक पाइप उसे 60 लीटर प्रति घंटे की दर से भरता है, जबकि एक रिसाव 20 लीटर प्रति घंटे की दर से पानी निकालता है। यदि टैंक शुरू में खाली है, तो उसे भरने में कितने घंटे लगेंगे?",hard-024,approved,"auto-approved: answers verified, EN/HI numeric fidelity checked"
60,The baking club baked 30 cupcakes and sold them for $3 each. They sold two-thirds of all the cupcakes. How many dollars did they earn from the sale?,बेकिंग क्लब ने 30 कपकेक बनाए और उन्हें $3 प्रत्येक पर बेचा। उन्होंने सभी कपकेकों का दो-तिहाई हिस्सा बेचा। उन्होंने बिक्री से कितने डॉलर कमाए?,hard-025,approved,"auto-approved: answers verified, EN/HI numeric fidelity checked"
20,A car uses 8 liters of fuel for every 100 kilometers. How many liters of fuel will it use for a 250-kilometer trip?,एक कार हर 100 किलोमीटर के लिए 8 लीटर ईंधन इस्तेमाल करती है। 250 किलोमीटर की यात्रा के लिए उसे कितने लीटर ईंधन लगेगा?,hard-026,approved,"auto-approved: answers verified, EN/HI numeric fidelity checked"
42,A father is three times as old as his son. The difference between their ages is 28 years. How old is the father?,एक पिता अपने बेटे से तीन गुना बड़ा है। उनकी उम्रों का अंतर 28 वर्ष है। पिता की उम्र कितनी है?,hard-027,approved,"auto-approved: answers verified, EN/HI numeric fidelity checked"
13,"In a store, the first item costs $1 and each following item costs three times as much as the previous one. What is the total cost of three items?",एक दुकान में पहली वस्तु की कीमत $1 है और हर अगली वस्तु की कीमत पिछली वस्तु से तीन गुनी है। तीन वस्तुओं की कुल कीमत कितनी है?,hard-028,approved,"auto-approved: answers verified, EN/HI numeric fidelity checked"
500,Over three performances a theater hosted 900 people in total. The first two performances had the same attendance and the third had 300 more than each of the first two. How many people attended the third performance?,तीन शो में मिलाकर एक थिएटर में कुल 900 लोग आए। पहले दो शो में समान संख्या में लोग आए और तीसरे शो में पहले दो में से प्रत्येक से 300 अधिक लोग आए। तीसरे शो में कितने लोग आए?,hard-029,approved,"auto-approved: answers verified, EN/HI numeric fidelity checked"
750,Meera earns $2000 each month. She pays 25% of it in tax and then spends half of what remains on rent. How many dollars does she have left after paying rent?,मीरा हर महीने $2000 कमाती है। वह उसमें से 25% कर में चुकाती है और फिर बची हुई राशि का आधा किराए पर खर्च करती है। किराया चुकाने के बाद उसके पास कितने डॉलर बचते हैं?,hard-030,approved,"auto-approved: answers verified, EN/HI numeric fidelity checked"
